1000,getByIndex,700
1000,add,71900
1000,getIndex,1515700
1000,removeRoot,20300
1000,getByIndex,400
1000,add,70200
1000,getIndex,1545700
1000,removeRoot,18300
1000,getByIndex,800
1000,add,84200
1000,getIndex,1489200
1000,removeRoot,16700
1000,getByIndex,500
1000,add,61400
1000,getIndex,1327200
1000,removeRoot,21800
1000,getByIndex,900
1000,add,73800
1000,getIndex,1560100
1000,removeRoot,31100
1000,getByIndex,800
1000,add,62200
1000,getIndex,1302300
1000,removeRoot,33500
1000,getByIndex,500
1000,add,88000
1000,getIndex,1676000
1000,removeRoot,19800
1000,getByIndex,800
1000,add,71900
1000,getIndex,1249600
1000,removeRoot,17200
1000,getByIndex,800
1000,add,102800
1000,getIndex,1471600
1000,removeRoot,21400
1000,getByIndex,700
1000,add,80300
1000,getIndex,1488300
1000,removeRoot,28800
1000,getByIndex,400
1000,add,61400
1000,getIndex,1798300
1000,removeRoot,27100
1000,getByIndex,900
1000,add,84400
1000,getIndex,1289900
1000,removeRoot,34100
1000,getByIndex,700
1000,add,66200
1000,getIndex,1609500
1000,removeRoot,19000
1000,getByIndex,1000
1000,add,66500
1000,getIndex,1648300
1000,removeRoot,35300
1000,getByIndex,900
1000,add,84600
1000,getIndex,1799600
1000,removeRoot,19300
1000,getByIndex,1000
1000,add,55800
1000,getIndex,1611200
1000,removeRoot,31100
1000,getByIndex,900
1000,add,62500
1000,getIndex,1417600
1000,removeRoot,21200
1000,getByIndex,600
1000,add,78200
1000,getIndex,1472000
1000,removeRoot,25500
1000,getByIndex,700
1000,add,73100
1000,getIndex,1530600
1000,removeRoot,22000
1000,getByIndex,4700
1000,add,75300
1000,getIndex,1588700
1000,removeRoot,20000
1000,getByIndex,800
1000,add,84800
1000,getIndex,1296200
1000,removeRoot,18300
1000,getByIndex,800
1000,add,78400
1000,getIndex,1472200
1000,removeRoot,21100
1000,getByIndex,1000
1000,add,82300
1000,getIndex,2072300
1000,removeRoot,48300
1000,getByIndex,1100
1000,add,78000
1000,getIndex,1489800
1000,removeRoot,34100
1000,getByIndex,900
1000,add,81000
1000,getIndex,2124600
1000,removeRoot,19600
1000,getByIndex,1500
1000,add,72800
1000,getIndex,2476400
1000,removeRoot,30900
1000,getByIndex,800
1000,add,82800
1000,getIndex,1687200
1000,removeRoot,41000
1000,getByIndex,800
1000,add,103700
1000,getIndex,1911200
1000,removeRoot,20400
1000,getByIndex,800
1000,add,85900
1000,getIndex,2172300
1000,removeRoot,22000
1000,getByIndex,2900
1000,add,91900
1000,getIndex,1515000
1000,removeRoot,21900
1000,getByIndex,1000
1000,add,96300
1000,getIndex,1674500
1000,removeRoot,20200
1000,getByIndex,1000
1000,add,110300
1000,getIndex,1992000
1000,removeRoot,42900
1000,getByIndex,900
1000,add,101900
1000,getIndex,1608000
1000,removeRoot,22400
1000,getByIndex,800
1000,add,100800
1000,getIndex,1773400
1000,removeRoot,26000
1000,getByIndex,1200
1000,add,97000
1000,getIndex,2106500
1000,removeRoot,21600
1000,getByIndex,800
1000,add,101200
1000,getIndex,1562600
1000,removeRoot,82200
1000,getByIndex,700
1000,add,92200
1000,getIndex,1678300
1000,removeRoot,30400
1000,getByIndex,1200
1000,add,103200
1000,getIndex,1541100
1000,removeRoot,28100
1000,getByIndex,1000
1000,add,77800
1000,getIndex,2201900
1000,removeRoot,21000
1000,getByIndex,1100
1000,add,72600
1000,getIndex,1784500
1000,removeRoot,23200
1000,getByIndex,1300
1000,add,152600
1000,getIndex,1924200
1000,removeRoot,19600
1000,getByIndex,800
1000,add,70900
1000,getIndex,1707900
1000,removeRoot,22600
1000,getByIndex,800
1000,add,72400
1000,getIndex,1750200
1000,removeRoot,34900
1000,getByIndex,900
1000,add,124300
1000,getIndex,1710600
1000,removeRoot,30600
1000,getByIndex,1200
1000,add,156300
1000,getIndex,1666300
1000,removeRoot,19700
1000,getByIndex,900
1000,add,78000
1000,getIndex,1489000
1000,removeRoot,23300
1000,getByIndex,1300
1000,add,73700
1000,getIndex,1667800
1000,removeRoot,22500
1000,getByIndex,800
1000,add,79100
1000,getIndex,1546700
1000,removeRoot,33700
1000,getByIndex,700
1000,add,101400
1000,getIndex,1546200
1000,removeRoot,22700
1000,getByIndex,1100
1000,add,72400
1000,getIndex,1741800
1000,removeRoot,20800
1000,getByIndex,1300
1000,add,111500
1000,getIndex,1771100
1000,removeRoot,41100
1000,getByIndex,700
1000,add,236700
1000,getIndex,1558200
1000,removeRoot,33000
1000,getByIndex,600
1000,add,90500
1000,getIndex,2333900
1000,removeRoot,20300
1000,getByIndex,800
1000,add,76100
1000,getIndex,2054900
1000,removeRoot,21500
1000,getByIndex,2800
1000,add,80000
1000,getIndex,1496100
1000,removeRoot,19500
1000,getByIndex,1400
1000,add,76400
1000,getIndex,1766600
1000,removeRoot,28900
1000,getByIndex,1100
1000,add,75600
1000,getIndex,1598600
1000,removeRoot,18400
1000,getByIndex,800
1000,add,106500
1000,getIndex,1896300
1000,removeRoot,21400
1000,getByIndex,1000
1000,add,111500
1000,getIndex,1542500
1000,removeRoot,19800
1000,getByIndex,500
1000,add,96300
1000,getIndex,1533200
1000,removeRoot,19000
1000,getByIndex,900
1000,add,77500
1000,getIndex,1392800
1000,removeRoot,26000
1000,getByIndex,800
1000,add,73000
1000,getIndex,1511900
1000,removeRoot,104000
1000,getByIndex,1700
1000,add,70200
1000,getIndex,1536900
1000,removeRoot,52100
1000,getByIndex,700
1000,add,97300
1000,getIndex,1799700
1000,removeRoot,22200
1000,getByIndex,900
1000,add,371800
1000,getIndex,2118000
1000,removeRoot,52600
1000,getByIndex,900
1000,add,75900
1000,getIndex,1583000
1000,removeRoot,22900
1000,getByIndex,1000
1000,add,76400
1000,getIndex,1861600
1000,removeRoot,24800
1000,getByIndex,800
1000,add,85200
1000,getIndex,1590800
1000,removeRoot,84100
1000,getByIndex,1000
1000,add,67600
1000,getIndex,1440400
1000,removeRoot,21500
1000,getByIndex,700
1000,add,84000
1000,getIndex,1441700
1000,removeRoot,29400
1000,getByIndex,1000
1000,add,101500
1000,getIndex,1986900
1000,removeRoot,20300
1000,getByIndex,800
1000,add,68700
1000,getIndex,1418500
1000,removeRoot,21100
1000,getByIndex,800
1000,add,76800
1000,getIndex,1523500
1000,removeRoot,20000
1000,getByIndex,800
1000,add,83700
1000,getIndex,1429900
1000,removeRoot,23200
1000,getByIndex,800
1000,add,82200
1000,getIndex,2019600
1000,removeRoot,19400
1000,getByIndex,1000
1000,add,77400
1000,getIndex,1728000
1000,removeRoot,22100
1000,getByIndex,1000
1000,add,103000
1000,getIndex,1617200
1000,removeRoot,24300
1000,getByIndex,800
1000,add,102900
1000,getIndex,1432300
1000,removeRoot,32100
1000,getByIndex,800
1000,add,77200
1000,getIndex,1585600
1000,removeRoot,21400
1000,getByIndex,500
1000,add,87600
1000,getIndex,1797800
1000,removeRoot,19700
1000,getByIndex,1000
1000,add,101300
1000,getIndex,1606100
1000,removeRoot,33600
1000,getByIndex,600
1000,add,63600
1000,getIndex,1858200
1000,removeRoot,22900
1000,getByIndex,700
1000,add,300600
1000,getIndex,1375000
1000,removeRoot,24800
1000,getByIndex,800
1000,add,68600
1000,getIndex,1540100
1000,removeRoot,29100
1000,getByIndex,800
1000,add,63900
1000,getIndex,1901900
1000,removeRoot,25000
1000,getByIndex,800
1000,add,80100
1000,getIndex,2184400
1000,removeRoot,26700
1000,getByIndex,900
1000,add,78400
1000,getIndex,1459900
1000,removeRoot,20400
1000,getByIndex,800
1000,add,77500
1000,getIndex,1616700
1000,removeRoot,20200
1000,getByIndex,700
1000,add,95700
1000,getIndex,1587200
1000,removeRoot,101200
1000,getByIndex,1200
1000,add,100600
1000,getIndex,1647300
1000,removeRoot,21200
1000,getByIndex,1300
1000,add,90800
1000,getIndex,1518700
1000,removeRoot,45500
1000,getByIndex,1000
1000,add,81800
1000,getIndex,1451100
1000,removeRoot,19700
1000,getByIndex,800
1000,add,76400
1000,getIndex,1772900
1000,removeRoot,21900
1000,getByIndex,1400
1000,add,89200
1000,getIndex,1505900
1000,removeRoot,32500
1000,getByIndex,700
1000,add,106100
1000,getIndex,1451600
1000,removeRoot,24000
1000,getByIndex,800
1000,add,74900
1000,getIndex,1622500
1000,removeRoot,19500
1000,getByIndex,800
1000,add,64300
1000,getIndex,1499200
1000,removeRoot,30400
1000,getByIndex,700
1000,add,85800
1000,getIndex,1651800
1000,removeRoot,19500
1000,getByIndex,700
1000,add,111800
1000,getIndex,1626900
1000,removeRoot,24000
1000,getByIndex,1000
1000,add,74100
1000,getIndex,1617200
1000,removeRoot,22300
2000,getByIndex,700
2000,add,92800
2000,getIndex,1406800
2000,removeRoot,50300
2000,getByIndex,700
2000,add,126100
2000,getIndex,1839500
2000,removeRoot,22100
2000,getByIndex,500
2000,add,115300
2000,getIndex,1266700
2000,removeRoot,33700
2000,getByIndex,500
2000,add,157000
2000,getIndex,1702600
2000,removeRoot,38400
2000,getByIndex,1100
2000,add,145600
2000,getIndex,1437600
2000,removeRoot,23700
2000,getByIndex,900
2000,add,195500
2000,getIndex,1468700
2000,removeRoot,39100
2000,getByIndex,900
2000,add,213700
2000,getIndex,1502300
2000,removeRoot,47900
2000,getByIndex,800
2000,add,111200
2000,getIndex,1269100
2000,removeRoot,42700
2000,getByIndex,800
2000,add,125000
2000,getIndex,1359900
2000,removeRoot,40200
2000,getByIndex,1100
2000,add,118300
2000,getIndex,1419200
2000,removeRoot,25400
2000,getByIndex,700
2000,add,156500
2000,getIndex,1613900
2000,removeRoot,27300
2000,getByIndex,600
2000,add,116400
2000,getIndex,1404300
2000,removeRoot,27100
2000,getByIndex,500
2000,add,143400
2000,getIndex,1511200
2000,removeRoot,33100
2000,getByIndex,900
2000,add,122800
2000,getIndex,1418600
2000,removeRoot,24200
2000,getByIndex,1600
2000,add,292600
2000,getIndex,1762200
2000,removeRoot,41600
2000,getByIndex,800
2000,add,139800
2000,getIndex,1541400
2000,removeRoot,41400
2000,getByIndex,800
2000,add,135900
2000,getIndex,1466400
2000,removeRoot,41800
2000,getByIndex,700
2000,add,124300
2000,getIndex,1424500
2000,removeRoot,36700
2000,getByIndex,500
2000,add,135500
2000,getIndex,1707100
2000,removeRoot,43200
2000,getByIndex,700
2000,add,155800
2000,getIndex,1744200
2000,removeRoot,36700
2000,getByIndex,800
2000,add,143700
2000,getIndex,1980200
2000,removeRoot,25000
2000,getByIndex,1500
2000,add,129100
2000,getIndex,1833300
2000,removeRoot,36200
2000,getByIndex,1100
2000,add,145000
2000,getIndex,1572100
2000,removeRoot,35000
2000,getByIndex,1400
2000,add,160700
2000,getIndex,1828500
2000,removeRoot,29200
2000,getByIndex,1100
2000,add,185100
2000,getIndex,1635600
2000,removeRoot,46700
2000,getByIndex,900
2000,add,328300
2000,getIndex,1965600
2000,removeRoot,40000
2000,getByIndex,2400
2000,add,176300
2000,getIndex,1468200
2000,removeRoot,50800
2000,getByIndex,1000
2000,add,146800
2000,getIndex,1504100
2000,removeRoot,28300
2000,getByIndex,1600
2000,add,167700
2000,getIndex,1940200
2000,removeRoot,42200
2000,getByIndex,1200
2000,add,156200
2000,getIndex,1623300
2000,removeRoot,26600
2000,getByIndex,1100
2000,add,201100
2000,getIndex,1486400
2000,removeRoot,36900
2000,getByIndex,500
2000,add,141600
2000,getIndex,1802500
2000,removeRoot,33600
2000,getByIndex,1000
2000,add,185600
2000,getIndex,1897500
2000,removeRoot,36000
2000,getByIndex,900
2000,add,134300
2000,getIndex,1446800
2000,removeRoot,37000
2000,getByIndex,900
2000,add,104100
2000,getIndex,1655000
2000,removeRoot,56500
2000,getByIndex,1300
2000,add,164500
2000,getIndex,1582700
2000,removeRoot,30700
2000,getByIndex,1000
2000,add,164600
2000,getIndex,1859200
2000,removeRoot,34400
2000,getByIndex,1800
2000,add,183300
2000,getIndex,2268600
2000,removeRoot,32600
2000,getByIndex,1000
2000,add,166500
2000,getIndex,1693500
2000,removeRoot,39300
2000,getByIndex,1100
2000,add,165300
2000,getIndex,1532600
2000,removeRoot,31700
2000,getByIndex,1200
2000,add,172500
2000,getIndex,1492100
2000,removeRoot,41600
2000,getByIndex,1200
2000,add,197600
2000,getIndex,1531100
2000,removeRoot,42600
2000,getByIndex,700
2000,add,199700
2000,getIndex,1922100
2000,removeRoot,28100
2000,getByIndex,1000
2000,add,136400
2000,getIndex,1597500
2000,removeRoot,37900
2000,getByIndex,1000
2000,add,178100
2000,getIndex,1988100
2000,removeRoot,29400
2000,getByIndex,1000
2000,add,139200
2000,getIndex,1807100
2000,removeRoot,26500
2000,getByIndex,1100
2000,add,293400
2000,getIndex,1951000
2000,removeRoot,113200
2000,getByIndex,800
2000,add,186800
2000,getIndex,1513400
2000,removeRoot,23100
2000,getByIndex,1300
2000,add,471400
2000,getIndex,1810400
2000,removeRoot,24900
2000,getByIndex,1000
2000,add,170500
2000,getIndex,1555000
2000,removeRoot,51500
2000,getByIndex,800
2000,add,185600
2000,getIndex,1533400
2000,removeRoot,36000
2000,getByIndex,800
2000,add,186700
2000,getIndex,2999300
2000,removeRoot,45500
2000,getByIndex,900
2000,add,220400
2000,getIndex,1545300
2000,removeRoot,45400
2000,getByIndex,900
2000,add,159200
2000,getIndex,1576100
2000,removeRoot,26400
2000,getByIndex,500
2000,add,140000
2000,getIndex,1554600
2000,removeRoot,49100
2000,getByIndex,1400
2000,add,174100
2000,getIndex,1651800
2000,removeRoot,37700
2000,getByIndex,1200
2000,add,147500
2000,getIndex,1578800
2000,removeRoot,54700
2000,getByIndex,900
2000,add,138300
2000,getIndex,1710100
2000,removeRoot,39600
2000,getByIndex,900
2000,add,185700
2000,getIndex,1801700
2000,removeRoot,28900
2000,getByIndex,1000
2000,add,127500
2000,getIndex,1810900
2000,removeRoot,33800
2000,getByIndex,600
2000,add,181100
2000,getIndex,1583700
2000,removeRoot,27400
2000,getByIndex,1100
2000,add,147800
2000,getIndex,1532700
2000,removeRoot,80300
2000,getByIndex,600
2000,add,178500
2000,getIndex,1670800
2000,removeRoot,41000
2000,getByIndex,1100
2000,add,169100
2000,getIndex,1738200
2000,removeRoot,54900
2000,getByIndex,1100
2000,add,172500
2000,getIndex,1472800
2000,removeRoot,25900
2000,getByIndex,800
2000,add,175700
2000,getIndex,1615900
2000,removeRoot,231800
2000,getByIndex,1700
2000,add,168800
2000,getIndex,2744000
2000,removeRoot,25900
2000,getByIndex,600
2000,add,149000
2000,getIndex,1656300
2000,removeRoot,53800
2000,getByIndex,1000
2000,add,143900
2000,getIndex,1909600
2000,removeRoot,27100
2000,getByIndex,1400
2000,add,205000
2000,getIndex,1729500
2000,removeRoot,35600
2000,getByIndex,900
2000,add,205700
2000,getIndex,1551300
2000,removeRoot,29400
2000,getByIndex,800
2000,add,171300
2000,getIndex,1845600
2000,removeRoot,50200
2000,getByIndex,1000
2000,add,159500
2000,getIndex,1633300
2000,removeRoot,37700
2000,getByIndex,700
2000,add,192000
2000,getIndex,1625300
2000,removeRoot,26600
2000,getByIndex,800
2000,add,140100
2000,getIndex,1754600
2000,removeRoot,39200
2000,getByIndex,500
2000,add,198300
2000,getIndex,1533800
2000,removeRoot,24700
2000,getByIndex,1300
2000,add,166400
2000,getIndex,1938400
2000,removeRoot,47700
2000,getByIndex,1300
2000,add,172800
2000,getIndex,1846000
2000,removeRoot,123400
2000,getByIndex,1000
2000,add,331600
2000,getIndex,1995700
2000,removeRoot,42300
2000,getByIndex,700
2000,add,201900
2000,getIndex,1890700
2000,removeRoot,32200
2000,getByIndex,1200
2000,add,179700
2000,getIndex,1506100
2000,removeRoot,59900
2000,getByIndex,600
2000,add,187700
2000,getIndex,1612700
2000,removeRoot,44300
2000,getByIndex,900
2000,add,172400
2000,getIndex,1991600
2000,removeRoot,43500
2000,getByIndex,1000
2000,add,167900
2000,getIndex,1586700
2000,removeRoot,31200
2000,getByIndex,1000
2000,add,208200
2000,getIndex,1491700
2000,removeRoot,27300
2000,getByIndex,600
2000,add,163500
2000,getIndex,2042100
2000,removeRoot,31700
2000,getByIndex,1400
2000,add,207100
2000,getIndex,1886500
2000,removeRoot,29000
2000,getByIndex,900
2000,add,156400
2000,getIndex,1699600
2000,removeRoot,72700
2000,getByIndex,800
2000,add,170200
2000,getIndex,2924700
2000,removeRoot,35000
2000,getByIndex,1300
2000,add,175200
2000,getIndex,1816000
2000,removeRoot,27300
2000,getByIndex,600
2000,add,167100
2000,getIndex,1456500
2000,removeRoot,57300
2000,getByIndex,600
2000,add,221100
2000,getIndex,1812600
2000,removeRoot,56700
2000,getByIndex,1500
2000,add,121600
2000,getIndex,1953600
2000,removeRoot,40600
2000,getByIndex,1300
2000,add,154300
2000,getIndex,1736100
2000,removeRoot,26200
2000,getByIndex,2000
2000,add,209500
2000,getIndex,1914700
2000,removeRoot,28400
2000,getByIndex,1100
2000,add,161600
2000,getIndex,1726100
2000,removeRoot,28600
2000,getByIndex,600
2000,add,161200
2000,getIndex,1569800
2000,removeRoot,58300
2000,getByIndex,1300
2000,add,175300
2000,getIndex,1624800
2000,removeRoot,43600
2000,getByIndex,700
2000,add,146700
2000,getIndex,1595700
2000,removeRoot,33000
2000,getByIndex,900
2000,add,264900
2000,getIndex,1903200
2000,removeRoot,29400
5000,getByIndex,1700
5000,add,224300
5000,getIndex,1285000
5000,removeRoot,60700
5000,getByIndex,500
5000,add,299100
5000,getIndex,1417100
5000,removeRoot,180600
5000,getByIndex,1000
5000,add,308200
5000,getIndex,1221900
5000,removeRoot,50900
5000,getByIndex,400
5000,add,288600
5000,getIndex,1369200
5000,removeRoot,44500
5000,getByIndex,1100
5000,add,313000
5000,getIndex,1804500
5000,removeRoot,49700
5000,getByIndex,1400
5000,add,233000
5000,getIndex,1568000
5000,removeRoot,47200
5000,getByIndex,600
5000,add,350900
5000,getIndex,1448300
5000,removeRoot,85400
5000,getByIndex,2200
5000,add,255900
5000,getIndex,1488600
5000,removeRoot,75900
5000,getByIndex,1200
5000,add,321900
5000,getIndex,1469400
5000,removeRoot,46300
5000,getByIndex,900
5000,add,240000
5000,getIndex,1921600
5000,removeRoot,55900
5000,getByIndex,1300
5000,add,419700
5000,getIndex,1569900
5000,removeRoot,63900
5000,getByIndex,2800
5000,add,400900
5000,getIndex,1367800
5000,removeRoot,50300
5000,getByIndex,800
5000,add,399600
5000,getIndex,1403800
5000,removeRoot,78400
5000,getByIndex,1100
5000,add,331600
5000,getIndex,1911900
5000,removeRoot,69800
5000,getByIndex,1100
5000,add,388800
5000,getIndex,2018900
5000,removeRoot,58000
5000,getByIndex,1300
5000,add,371300
5000,getIndex,1557600
5000,removeRoot,64800
5000,getByIndex,1000
5000,add,376200
5000,getIndex,1553400
5000,removeRoot,92000
5000,getByIndex,1000
5000,add,349700
5000,getIndex,1428700
5000,removeRoot,55200
5000,getByIndex,2000
5000,add,429900
5000,getIndex,1888100
5000,removeRoot,71300
5000,getByIndex,1100
5000,add,339300
5000,getIndex,1554400
5000,removeRoot,52600
5000,getByIndex,900
5000,add,369200
5000,getIndex,1505000
5000,removeRoot,86700
5000,getByIndex,1100
5000,add,479700
5000,getIndex,1630300
5000,removeRoot,126500
5000,getByIndex,1000
5000,add,362700
5000,getIndex,2041000
5000,removeRoot,181700
5000,getByIndex,1300
5000,add,469400
5000,getIndex,2070900
5000,removeRoot,125500
5000,getByIndex,1300
5000,add,449200
5000,getIndex,1581900
5000,removeRoot,60700
5000,getByIndex,600
5000,add,398500
5000,getIndex,1448800
5000,removeRoot,74700
5000,getByIndex,1000
5000,add,383300
5000,getIndex,1553900
5000,removeRoot,58500
5000,getByIndex,1300
5000,add,605100
5000,getIndex,1788800
5000,removeRoot,94900
5000,getByIndex,1000
5000,add,377000
5000,getIndex,1543400
5000,removeRoot,72100
5000,getByIndex,500
5000,add,407900
5000,getIndex,1587100
5000,removeRoot,103600
5000,getByIndex,1400
5000,add,361900
5000,getIndex,1422900
5000,removeRoot,66700
5000,getByIndex,1100
5000,add,371100
5000,getIndex,1690900
5000,removeRoot,82400
5000,getByIndex,700
5000,add,316200
5000,getIndex,1672100
5000,removeRoot,57500
5000,getByIndex,1000
5000,add,289700
5000,getIndex,1977100
5000,removeRoot,55700
5000,getByIndex,1000
5000,add,388100
5000,getIndex,1485900
5000,removeRoot,53200
5000,getByIndex,1000
5000,add,351400
5000,getIndex,2032800
5000,removeRoot,300800
5000,getByIndex,1600
5000,add,441800
5000,getIndex,1811600
5000,removeRoot,68600
5000,getByIndex,1100
5000,add,348700
5000,getIndex,1616100
5000,removeRoot,65500
5000,getByIndex,1000
5000,add,452300
5000,getIndex,1471700
5000,removeRoot,47900
5000,getByIndex,600
5000,add,363400
5000,getIndex,1515300
5000,removeRoot,52600
5000,getByIndex,1000
5000,add,505400
5000,getIndex,2083600
5000,removeRoot,89400
5000,getByIndex,1300
5000,add,421600
5000,getIndex,2362200
5000,removeRoot,93300
5000,getByIndex,1300
5000,add,417300
5000,getIndex,1697600
5000,removeRoot,50800
5000,getByIndex,1100
5000,add,406000
5000,getIndex,1859500
5000,removeRoot,56000
5000,getByIndex,1400
5000,add,382000
5000,getIndex,1746000
5000,removeRoot,64000
5000,getByIndex,1100
5000,add,447600
5000,getIndex,2641900
5000,removeRoot,54600
5000,getByIndex,2000
5000,add,513200
5000,getIndex,2039000
5000,removeRoot,68700
5000,getByIndex,1400
5000,add,434600
5000,getIndex,1757600
5000,removeRoot,73300
5000,getByIndex,1300
5000,add,422200
5000,getIndex,1778800
5000,removeRoot,67900
5000,getByIndex,1200
5000,add,468100
5000,getIndex,2535700
5000,removeRoot,101000
5000,getByIndex,1900
5000,add,520000
5000,getIndex,1703100
5000,removeRoot,74800
5000,getByIndex,1200
5000,add,412300
5000,getIndex,1652100
5000,removeRoot,54300
5000,getByIndex,2200
5000,add,424900
5000,getIndex,2063800
5000,removeRoot,55700
5000,getByIndex,1900
5000,add,412300
5000,getIndex,1927500
5000,removeRoot,79500
5000,getByIndex,700
5000,add,388900
5000,getIndex,2668000
5000,removeRoot,77000
5000,getByIndex,2000
5000,add,440100
5000,getIndex,1813100
5000,removeRoot,99800
5000,getByIndex,2200
5000,add,318600
5000,getIndex,1777900
5000,removeRoot,56200
5000,getByIndex,1300
5000,add,523300
5000,getIndex,2131000
5000,removeRoot,158800
5000,getByIndex,1200
5000,add,564400
5000,getIndex,2038500
5000,removeRoot,143000
5000,getByIndex,1400
5000,add,625500
5000,getIndex,1645700
5000,removeRoot,59900
5000,getByIndex,600
5000,add,387700
5000,getIndex,1669700
5000,removeRoot,58000
5000,getByIndex,1300
5000,add,822500
5000,getIndex,1650800
5000,removeRoot,60300
5000,getByIndex,1100
5000,add,390900
5000,getIndex,1878200
5000,removeRoot,76900
5000,getByIndex,2200
5000,add,346200
5000,getIndex,1578200
5000,removeRoot,75800
5000,getByIndex,1100
5000,add,395600
5000,getIndex,1685800
5000,removeRoot,63300
5000,getByIndex,1400
5000,add,473000
5000,getIndex,1703100
5000,removeRoot,60000
5000,getByIndex,1200
5000,add,377300
5000,getIndex,1655300
5000,removeRoot,60200
5000,getByIndex,1200
5000,add,477100
5000,getIndex,1778700
5000,removeRoot,65600
5000,getByIndex,700
5000,add,376400
5000,getIndex,2290200
5000,removeRoot,51900
5000,getByIndex,1300
5000,add,309500
5000,getIndex,1495800
5000,removeRoot,71900
5000,getByIndex,900
5000,add,395900
5000,getIndex,1577400
5000,removeRoot,78700
5000,getByIndex,1300
5000,add,437000
5000,getIndex,1675900
5000,removeRoot,80200
5000,getByIndex,1400
5000,add,634400
5000,getIndex,2299300
5000,removeRoot,119800
5000,getByIndex,1500
5000,add,509200
5000,getIndex,1910200
5000,removeRoot,79400
5000,getByIndex,600
5000,add,336300
5000,getIndex,1540100
5000,removeRoot,62000
5000,getByIndex,500
5000,add,294400
5000,getIndex,1548100
5000,removeRoot,50900
5000,getByIndex,1400
5000,add,379900
5000,getIndex,1756300
5000,removeRoot,126500
5000,getByIndex,1300
5000,add,510400
5000,getIndex,1631300
5000,removeRoot,54900
5000,getByIndex,900
5000,add,504300
5000,getIndex,1929800
5000,removeRoot,56800
5000,getByIndex,1400
5000,add,422100
5000,getIndex,1644300
5000,removeRoot,57100
5000,getByIndex,1400
5000,add,601900
5000,getIndex,1923900
5000,removeRoot,65400
5000,getByIndex,800
5000,add,298100
5000,getIndex,1661700
5000,removeRoot,57900
5000,getByIndex,1300
5000,add,285400
5000,getIndex,1705400
5000,removeRoot,242000
5000,getByIndex,800
5000,add,416800
5000,getIndex,1574700
5000,removeRoot,51200
5000,getByIndex,1700
5000,add,364900
5000,getIndex,1840200
5000,removeRoot,62400
5000,getByIndex,900
5000,add,434600
5000,getIndex,1731800
5000,removeRoot,66200
5000,getByIndex,1300
5000,add,392600
5000,getIndex,1609700
5000,removeRoot,63000
5000,getByIndex,900
5000,add,498600
5000,getIndex,1545900
5000,removeRoot,197100
5000,getByIndex,10200
5000,add,440100
5000,getIndex,1570700
5000,removeRoot,56700
5000,getByIndex,900
5000,add,380900
5000,getIndex,1681800
5000,removeRoot,52500
5000,getByIndex,1200
5000,add,365100
5000,getIndex,1875600
5000,removeRoot,62200
5000,getByIndex,1100
5000,add,273100
5000,getIndex,1470100
5000,removeRoot,49200
5000,getByIndex,500
5000,add,369300
5000,getIndex,1545000
5000,removeRoot,54400
5000,getByIndex,1700
5000,add,471000
5000,getIndex,1978200
5000,removeRoot,56300
5000,getByIndex,1100
5000,add,390400
5000,getIndex,1728200
5000,removeRoot,277600
5000,getByIndex,800
5000,add,362400
5000,getIndex,1948900
5000,removeRoot,56900
5000,getByIndex,800
5000,add,376300
5000,getIndex,1412100
5000,removeRoot,49300
5000,getByIndex,1500
5000,add,439700
5000,getIndex,1851000
5000,removeRoot,57900
5000,getByIndex,1000
5000,add,352000
5000,getIndex,2062800
5000,removeRoot,342000
5000,getByIndex,700
5000,add,509100
5000,getIndex,1424600
5000,removeRoot,76000
10000,getByIndex,1300
10000,add,451100
10000,getIndex,1231700
10000,removeRoot,76400
10000,getByIndex,1100
10000,add,545200
10000,getIndex,1434400
10000,removeRoot,86300
10000,getByIndex,1000
10000,add,556900
10000,getIndex,1739100
10000,removeRoot,70400
10000,getByIndex,1200
10000,add,724900
10000,getIndex,1539600
10000,removeRoot,69000
10000,getByIndex,1000
10000,add,446700
10000,getIndex,1392900
10000,removeRoot,69700
10000,getByIndex,700
10000,add,530900
10000,getIndex,1479200
10000,removeRoot,167400
10000,getByIndex,1100
10000,add,614500
10000,getIndex,1473000
10000,removeRoot,203900
10000,getByIndex,1300
10000,add,628800
10000,getIndex,1676400
10000,removeRoot,221200
10000,getByIndex,1100
10000,add,720200
10000,getIndex,1751300
10000,removeRoot,83300
10000,getByIndex,1300
10000,add,815000
10000,getIndex,1453400
10000,removeRoot,79900
10000,getByIndex,1100
10000,add,504300
10000,getIndex,1670500
10000,removeRoot,72000
10000,getByIndex,1100
10000,add,784700
10000,getIndex,1559900
10000,removeRoot,83600
10000,getByIndex,1300
10000,add,571100
10000,getIndex,1530300
10000,removeRoot,131400
10000,getByIndex,900
10000,add,606300
10000,getIndex,1601600
10000,removeRoot,225500
10000,getByIndex,1200
10000,add,637600
10000,getIndex,1505100
10000,removeRoot,75900
10000,getByIndex,1400
10000,add,658300
10000,getIndex,1400400
10000,removeRoot,65900
10000,getByIndex,900
10000,add,698400
10000,getIndex,1498200
10000,removeRoot,92900
10000,getByIndex,1100
10000,add,515300
10000,getIndex,1540900
10000,removeRoot,78500
10000,getByIndex,1100
10000,add,586000
10000,getIndex,1503300
10000,removeRoot,85500
10000,getByIndex,1100
10000,add,700400
10000,getIndex,1771400
10000,removeRoot,173000
10000,getByIndex,1200
10000,add,585300
10000,getIndex,1620800
10000,removeRoot,202500
10000,getByIndex,1400
10000,add,661000
10000,getIndex,1979700
10000,removeRoot,161000
10000,getByIndex,1400
10000,add,967300
10000,getIndex,1687100
10000,removeRoot,93200
10000,getByIndex,1300
10000,add,803200
10000,getIndex,1779900
10000,removeRoot,81100
10000,getByIndex,1400
10000,add,757300
10000,getIndex,1567100
10000,removeRoot,82700
10000,getByIndex,1000
10000,add,803800
10000,getIndex,1702600
10000,removeRoot,161400
10000,getByIndex,900
10000,add,666600
10000,getIndex,1691400
10000,removeRoot,79800
10000,getByIndex,1600
10000,add,549100
10000,getIndex,1477800
10000,removeRoot,94200
10000,getByIndex,1500
10000,add,608600
10000,getIndex,1962500
10000,removeRoot,82100
10000,getByIndex,1200
10000,add,629000
10000,getIndex,1608100
10000,removeRoot,87000
10000,getByIndex,900
10000,add,555500
10000,getIndex,1745800
10000,removeRoot,78000
10000,getByIndex,1500
10000,add,641200
10000,getIndex,1582800
10000,removeRoot,116000
10000,getByIndex,1100
10000,add,1022000
10000,getIndex,1701900
10000,removeRoot,120500
10000,getByIndex,1300
10000,add,585400
10000,getIndex,1571500
10000,removeRoot,162500
10000,getByIndex,1300
10000,add,729700
10000,getIndex,1907300
10000,removeRoot,99500
10000,getByIndex,900
10000,add,873400
10000,getIndex,1946600
10000,removeRoot,76300
10000,getByIndex,1300
10000,add,904500
10000,getIndex,2262100
10000,removeRoot,107300
10000,getByIndex,1200
10000,add,1079300
10000,getIndex,2204000
10000,removeRoot,89100
10000,getByIndex,1500
10000,add,967800
10000,getIndex,1877600
10000,removeRoot,84300
10000,getByIndex,1200
10000,add,1150800
10000,getIndex,2312700
10000,removeRoot,449600
10000,getByIndex,1800
10000,add,1137400
10000,getIndex,1895500
10000,removeRoot,168400
10000,getByIndex,1600
10000,add,1382800
10000,getIndex,1689200
10000,removeRoot,152900
10000,getByIndex,1400
10000,add,768000
10000,getIndex,2340400
10000,removeRoot,90400
10000,getByIndex,1100
10000,add,1217300
10000,getIndex,2130200
10000,removeRoot,88400
10000,getByIndex,2100
10000,add,1484200
10000,getIndex,1921700
10000,removeRoot,109300
10000,getByIndex,1500
10000,add,926100
10000,getIndex,2448200
10000,removeRoot,129900
10000,getByIndex,1800
10000,add,1000900
10000,getIndex,2037600
10000,removeRoot,93800
10000,getByIndex,1200
10000,add,810300
10000,getIndex,2383200
10000,removeRoot,105600
10000,getByIndex,900
10000,add,862800
10000,getIndex,1626000
10000,removeRoot,104500
10000,getByIndex,1200
10000,add,790200
10000,getIndex,1841200
10000,removeRoot,87600
10000,getByIndex,2100
10000,add,889700
10000,getIndex,2526400
10000,removeRoot,93100
10000,getByIndex,900
10000,add,747600
10000,getIndex,2067300
10000,removeRoot,120400
10000,getByIndex,800
10000,add,793600
10000,getIndex,1899900
10000,removeRoot,160900
10000,getByIndex,1200
10000,add,696900
10000,getIndex,1737300
10000,removeRoot,129800
10000,getByIndex,800
10000,add,1011300
10000,getIndex,2075400
10000,removeRoot,188200
10000,getByIndex,1400
10000,add,999900
10000,getIndex,3007600
10000,removeRoot,114400
10000,getByIndex,1300
10000,add,674600
10000,getIndex,1774700
10000,removeRoot,106600
10000,getByIndex,1700
10000,add,566100
10000,getIndex,1583200
10000,removeRoot,81300
10000,getByIndex,1500
10000,add,929000
10000,getIndex,1797700
10000,removeRoot,83700
10000,getByIndex,1100
10000,add,884800
10000,getIndex,1772300
10000,removeRoot,105000
10000,getByIndex,1300
10000,add,884900
10000,getIndex,2242700
10000,removeRoot,95000
10000,getByIndex,1500
10000,add,605100
10000,getIndex,1546700
10000,removeRoot,102200
10000,getByIndex,800
10000,add,887300
10000,getIndex,1567600
10000,removeRoot,93800
10000,getByIndex,800
10000,add,615500
10000,getIndex,1620300
10000,removeRoot,104500
10000,getByIndex,1300
10000,add,722000
10000,getIndex,2168000
10000,removeRoot,144300
10000,getByIndex,1400
10000,add,679300
10000,getIndex,1952200
10000,removeRoot,102900
10000,getByIndex,1400
10000,add,671500
10000,getIndex,1604100
10000,removeRoot,86000
10000,getByIndex,1100
10000,add,699200
10000,getIndex,1772000
10000,removeRoot,86100
10000,getByIndex,1300
10000,add,625100
10000,getIndex,1757400
10000,removeRoot,110100
10000,getByIndex,1300
10000,add,967100
10000,getIndex,1765000
10000,removeRoot,80400
10000,getByIndex,1200
10000,add,663700
10000,getIndex,1693500
10000,removeRoot,117300
10000,getByIndex,1400
10000,add,837200
10000,getIndex,2022500
10000,removeRoot,88000
10000,getByIndex,1200
10000,add,666400
10000,getIndex,1711600
10000,removeRoot,116100
10000,getByIndex,1500
10000,add,628400
10000,getIndex,1810100
10000,removeRoot,107300
10000,getByIndex,700
10000,add,1296100
10000,getIndex,1774200
10000,removeRoot,146200
10000,getByIndex,800
10000,add,717600
10000,getIndex,1582000
10000,removeRoot,90500
10000,getByIndex,1300
10000,add,635700
10000,getIndex,2417800
10000,removeRoot,106600
10000,getByIndex,1100
10000,add,760600
10000,getIndex,1512100
10000,removeRoot,83700
10000,getByIndex,1100
10000,add,852400
10000,getIndex,2080000
10000,removeRoot,82200
10000,getByIndex,2900
10000,add,661200
10000,getIndex,1542900
10000,removeRoot,172200
10000,getByIndex,700
10000,add,616200
10000,getIndex,1898500
10000,removeRoot,80300
10000,getByIndex,1300
10000,add,765400
10000,getIndex,1902100
10000,removeRoot,94000
10000,getByIndex,1500
10000,add,644900
10000,getIndex,1847800
10000,removeRoot,89900
10000,getByIndex,1300
10000,add,666000
10000,getIndex,1648400
10000,removeRoot,125900
10000,getByIndex,800
10000,add,642700
10000,getIndex,1600700
10000,removeRoot,71300
10000,getByIndex,1000
10000,add,864000
10000,getIndex,1529600
10000,removeRoot,110300
10000,getByIndex,1400
10000,add,580100
10000,getIndex,1687700
10000,removeRoot,202500
10000,getByIndex,1300
10000,add,789500
10000,getIndex,1995600
10000,removeRoot,76600
10000,getByIndex,1600
10000,add,539100
10000,getIndex,1742900
10000,removeRoot,77800
10000,getByIndex,2400
10000,add,526500
10000,getIndex,1584000
10000,removeRoot,78000
10000,getByIndex,600
10000,add,594500
10000,getIndex,1595600
10000,removeRoot,100500
10000,getByIndex,1400
10000,add,690300
10000,getIndex,1717700
10000,removeRoot,85600
10000,getByIndex,1400
10000,add,1915900
10000,getIndex,1861000
10000,removeRoot,113000
10000,getByIndex,1500
10000,add,621900
10000,getIndex,1680300
10000,removeRoot,102300
10000,getByIndex,800
10000,add,576900
10000,getIndex,1468400
10000,removeRoot,87200
10000,getByIndex,1100
10000,add,679100
10000,getIndex,2278800
10000,removeRoot,480000
10000,getByIndex,1400
10000,add,978700
10000,getIndex,1774800
10000,removeRoot,158700
10000,getByIndex,1000
10000,add,947200
10000,getIndex,1527200
10000,removeRoot,102900
10000,getByIndex,1800
10000,add,604500
10000,getIndex,1552000
10000,removeRoot,86200
10000,getByIndex,2200
10000,add,896800
10000,getIndex,1707100
10000,removeRoot,81200
20000,getByIndex,1000
20000,add,1087300
20000,getIndex,1484300
20000,removeRoot,133900
20000,getByIndex,5000
20000,add,1077300
20000,getIndex,1856600
20000,removeRoot,165100
20000,getByIndex,1400
20000,add,1568100
20000,getIndex,1835800
20000,removeRoot,136800
20000,getByIndex,900
20000,add,1262500
20000,getIndex,1741100
20000,removeRoot,172600
20000,getByIndex,1200
20000,add,1461600
20000,getIndex,1805800
20000,removeRoot,137300
20000,getByIndex,1200
20000,add,1707300
20000,getIndex,1676900
20000,removeRoot,153300
20000,getByIndex,1400
20000,add,1155300
20000,getIndex,1711500
20000,removeRoot,133600
20000,getByIndex,1400
20000,add,1371700
20000,getIndex,1561600
20000,removeRoot,178500
20000,getByIndex,1100
20000,add,1803100
20000,getIndex,1885300
20000,removeRoot,213500
20000,getByIndex,1100
20000,add,1631000
20000,getIndex,2092200
20000,removeRoot,149700
20000,getByIndex,2200
20000,add,1731000
20000,getIndex,1990200
20000,removeRoot,175600
20000,getByIndex,1200
20000,add,1899600
20000,getIndex,1870900
20000,removeRoot,196500
20000,getByIndex,1100
20000,add,1437200
20000,getIndex,2220500
20000,removeRoot,492600
20000,getByIndex,1100
20000,add,1425500
20000,getIndex,1938600
20000,removeRoot,145200
20000,getByIndex,1300
20000,add,1843500
20000,getIndex,2164100
20000,removeRoot,178700
20000,getByIndex,3100
20000,add,1956300
20000,getIndex,1983400
20000,removeRoot,327400
20000,getByIndex,900
20000,add,1898800
20000,getIndex,3227200
20000,removeRoot,261400
20000,getByIndex,1900
20000,add,1408500
20000,getIndex,1664400
20000,removeRoot,214200
20000,getByIndex,2500
20000,add,1321600
20000,getIndex,2161900
20000,removeRoot,316900
20000,getByIndex,1600
20000,add,1905000
20000,getIndex,1893400
20000,removeRoot,309100
20000,getByIndex,5900
20000,add,1819200
20000,getIndex,2302300
20000,removeRoot,166500
20000,getByIndex,1600
20000,add,1822000
20000,getIndex,1869300
20000,removeRoot,154000
20000,getByIndex,1400
20000,add,1654700
20000,getIndex,2152000
20000,removeRoot,163300
20000,getByIndex,1600
20000,add,1904000
20000,getIndex,2013400
20000,removeRoot,158400
20000,getByIndex,1400
20000,add,1962500
20000,getIndex,1722800
20000,removeRoot,202400
20000,getByIndex,1600
20000,add,1480100
20000,getIndex,2234200
20000,removeRoot,145700
20000,getByIndex,1300
20000,add,1908700
20000,getIndex,1850900
20000,removeRoot,269100
20000,getByIndex,1400
20000,add,2224900
20000,getIndex,1997900
20000,removeRoot,160600
20000,getByIndex,1200
20000,add,1218800
20000,getIndex,1954600
20000,removeRoot,162800
20000,getByIndex,1700
20000,add,1918900
20000,getIndex,2257700
20000,removeRoot,160800
20000,getByIndex,1300
20000,add,1493700
20000,getIndex,2038300
20000,removeRoot,214600
20000,getByIndex,1700
20000,add,1615000
20000,getIndex,1726300
20000,removeRoot,169300
20000,getByIndex,1500
20000,add,2168000
20000,getIndex,2092200
20000,removeRoot,319300
20000,getByIndex,1800
20000,add,1984100
20000,getIndex,2796600
20000,removeRoot,294700
20000,getByIndex,1200
20000,add,1296100
20000,getIndex,2285000
20000,removeRoot,166900
20000,getByIndex,1900
20000,add,2743900
20000,getIndex,1753700
20000,removeRoot,177400
20000,getByIndex,1400
20000,add,1814000
20000,getIndex,2332900
20000,removeRoot,175500
20000,getByIndex,1200
20000,add,1672600
20000,getIndex,2877600
20000,removeRoot,185800
20000,getByIndex,2700
20000,add,4738700
20000,getIndex,3035700
20000,removeRoot,151900
20000,getByIndex,2100
20000,add,1655000
20000,getIndex,2458100
20000,removeRoot,170700
20000,getByIndex,1600
20000,add,1726700
20000,getIndex,3996600
20000,removeRoot,174500
20000,getByIndex,1300
20000,add,1403900
20000,getIndex,1587500
20000,removeRoot,142500
20000,getByIndex,1400
20000,add,2093200
20000,getIndex,1885200
20000,removeRoot,161000
20000,getByIndex,1200
20000,add,1321500
20000,getIndex,1809700
20000,removeRoot,137700
20000,getByIndex,1200
20000,add,1842300
20000,getIndex,3198900
20000,removeRoot,273600
20000,getByIndex,1400
20000,add,1174600
20000,getIndex,1989000
20000,removeRoot,156200
20000,getByIndex,1300
20000,add,1691100
20000,getIndex,1826000
20000,removeRoot,601000
20000,getByIndex,1100
20000,add,1822200
20000,getIndex,3056200
20000,removeRoot,148100
20000,getByIndex,1100
20000,add,1240200
20000,getIndex,1564000
20000,removeRoot,139500
20000,getByIndex,1300
20000,add,1100500
20000,getIndex,1553900
20000,removeRoot,157100
20000,getByIndex,1300
20000,add,1306500
20000,getIndex,1647700
20000,removeRoot,143800
20000,getByIndex,1600
20000,add,1352200
20000,getIndex,2671300
20000,removeRoot,169200
20000,getByIndex,1200
20000,add,1143900
20000,getIndex,1468000
20000,removeRoot,136300
20000,getByIndex,1100
20000,add,1111300
20000,getIndex,1595200
20000,removeRoot,176700
20000,getByIndex,1200
20000,add,1354900
20000,getIndex,1863600
20000,removeRoot,164500
20000,getByIndex,1700
20000,add,2324600
20000,getIndex,1734400
20000,removeRoot,202600
20000,getByIndex,2400
20000,add,1316100
20000,getIndex,1890800
20000,removeRoot,114200
20000,getByIndex,1100
20000,add,1118000
20000,getIndex,1501200
20000,removeRoot,158700
20000,getByIndex,1300
20000,add,1071800
20000,getIndex,1743100
20000,removeRoot,153100
20000,getByIndex,900
20000,add,1420800
20000,getIndex,1489200
20000,removeRoot,145600
20000,getByIndex,2100
20000,add,1794900
20000,getIndex,1962300
20000,removeRoot,167800
20000,getByIndex,2000
20000,add,2474000
20000,getIndex,2116700
20000,removeRoot,151800
20000,getByIndex,1600
20000,add,1205500
20000,getIndex,1535500
20000,removeRoot,157300
20000,getByIndex,1600
20000,add,1194300
20000,getIndex,1780000
20000,removeRoot,187300
20000,getByIndex,800
20000,add,2138900
20000,getIndex,2298100
20000,removeRoot,134900
20000,getByIndex,1100
20000,add,2079900
20000,getIndex,2067200
20000,removeRoot,213400
20000,getByIndex,1500
20000,add,1455800
20000,getIndex,2153800
20000,removeRoot,147700
20000,getByIndex,1500
20000,add,1237500
20000,getIndex,1935700
20000,removeRoot,180600
20000,getByIndex,1200
20000,add,1294700
20000,getIndex,2322600
20000,removeRoot,161700
20000,getByIndex,1000
20000,add,1617700
20000,getIndex,1522700
20000,removeRoot,179300
20000,getByIndex,1500
20000,add,1330700
20000,getIndex,2165400
20000,removeRoot,261800
20000,getByIndex,900
20000,add,1783800
20000,getIndex,1955300
20000,removeRoot,140300
20000,getByIndex,1000
20000,add,1115500
20000,getIndex,1689100
20000,removeRoot,157100
20000,getByIndex,4200
20000,add,1762700
20000,getIndex,1526900
20000,removeRoot,136900
20000,getByIndex,800
20000,add,1400400
20000,getIndex,1747200
20000,removeRoot,163300
20000,getByIndex,1200
20000,add,1586900
20000,getIndex,2293100
20000,removeRoot,154400
20000,getByIndex,1600
20000,add,1483800
20000,getIndex,1578700
20000,removeRoot,135900
20000,getByIndex,2600
20000,add,1105100
20000,getIndex,1564500
20000,removeRoot,151700
20000,getByIndex,1500
20000,add,1287700
20000,getIndex,1731400
20000,removeRoot,147300
20000,getByIndex,1100
20000,add,1776200
20000,getIndex,1816700
20000,removeRoot,157200
20000,getByIndex,1800
20000,add,1071500
20000,getIndex,1984300
20000,removeRoot,147000
20000,getByIndex,1400
20000,add,1209400
20000,getIndex,1556300
20000,removeRoot,132200
20000,getByIndex,900
20000,add,1120300
20000,getIndex,1752400
20000,removeRoot,161800
20000,getByIndex,1500
20000,add,1147400
20000,getIndex,2000100
20000,removeRoot,128300
20000,getByIndex,1400
20000,add,1686000
20000,getIndex,1995800
20000,removeRoot,145000
20000,getByIndex,2000
20000,add,1382300
20000,getIndex,1556400
20000,removeRoot,157500
20000,getByIndex,1600
20000,add,1452700
20000,getIndex,1531500
20000,removeRoot,171600
20000,getByIndex,1000
20000,add,1776800
20000,getIndex,1574400
20000,removeRoot,148100
20000,getByIndex,1200
20000,add,1382500
20000,getIndex,2082100
20000,removeRoot,147000
20000,getByIndex,1200
20000,add,1461600
20000,getIndex,1835700
20000,removeRoot,158200
20000,getByIndex,1300
20000,add,1307900
20000,getIndex,1593100
20000,removeRoot,167700
20000,getByIndex,700
20000,add,1157200
20000,getIndex,1561500
20000,removeRoot,230300
20000,getByIndex,1000
20000,add,2447700
20000,getIndex,2060800
20000,removeRoot,142400
20000,getByIndex,1900
20000,add,5171200
20000,getIndex,2442400
20000,removeRoot,157800
20000,getByIndex,2000
20000,add,1203000
20000,getIndex,1863900
20000,removeRoot,140800
20000,getByIndex,800
20000,add,1338500
20000,getIndex,1554400
20000,removeRoot,142600
20000,getByIndex,1700
20000,add,1626100
20000,getIndex,2102800
20000,removeRoot,204500
20000,getByIndex,1600
20000,add,1280200
20000,getIndex,1729300
20000,removeRoot,156100
20000,getByIndex,1100
20000,add,1854900
20000,getIndex,1689500
20000,removeRoot,180200
20000,getByIndex,1300
20000,add,1327700
20000,getIndex,1511200
20000,removeRoot,148900
